id	event	title	url	begin	end	duration	day	location	track	format	level	lang	speakers	last_modified
rp13-session-1123	rp13	Rückt mal ein Stück! Die Androidinnen kommen!	null	2013-05-07T16:15:00+02:00	2013-05-07T16:45:00+02:00	30	2013-05-07	Stage 7	research-education	talk	beginner	de	Gaby Becker, Martina Rüdiger, Renate Hermanns	2014-02-24T19:04:35+01:00
rp13-session-1137	rp13	Das digitale Quartett - live on stage	null	2013-05-07T20:00:00+02:00	2013-05-07T21:00:00+02:00	60	2013-05-07	Stage 2	republica	discussion	intermediate	de	Ulrike Langer, Thomas Knüwer, Daniel Fiene	2014-02-24T19:04:35+01:00
rp13-session-1152	rp13	Überraschungsvortrag II	null	2013-05-06T19:45:00+02:00	2013-05-06T20:45:00+02:00	60	2013-05-06	Stage 1	republica	talk	beginner	de	Sascha Lobo	2014-02-24T19:04:35+01:00
rp13-session-1206	rp13	The Revolution of Jokes	null	2013-05-06T15:15:00+02:00	2013-05-06T15:45:00+02:00	30	2013-05-06	Stage 4	politics-society	talk	intermediate	en	Heba Amin	2014-02-24T19:04:35+01:00
rp13-session-1208	rp13	Bis dass der Tod uns scheidet - Soziale Medien und der Umgang mit dem Sterben	null	2013-05-06T17:45:00+02:00	2013-05-06T18:15:00+02:00	30	2013-05-06	Stage 5	politics-society	talk	beginner	de	Elisabeth Rank	2014-02-24T19:04:35+01:00
rp13-session-1234	rp13	I palindrome I – your life is mine	null	2013-05-08T15:30:00+02:00	2013-05-08T16:00:00+02:00	30	2013-05-08	Stage 3	culture	talk	advanced	en	Marcus Brown	2014-02-24T19:04:35+01:00
rp13-session-1258	rp13	#RotationCuration - eine Kulturbewegung erobert Twitter weltweit	null	2013-05-08T14:15:00+02:00	2013-05-08T14:45:00+02:00	30	2013-05-08	Workshop B	media	talk	beginner	de	Romy Mlinzk, Carolin Hinz, Alexander M. Turek	2014-02-24T19:04:35+01:00
rp13-session-1278	rp13	Marvin und der Blues	null	2013-05-07T15:00:00+02:00	2013-05-07T16:00:00+02:00	60	2013-05-07	Stage 4	culture	talk	beginner	de	Moritz Simon Geist	2014-02-24T19:04:35+01:00
rp13-session-1318	rp13	"The first thing we do, let's kill all the lawyers” – Die Anwälte, das Internet & die Abmahnungen	null	2013-05-08T12:30:00+02:00	2013-05-08T13:00:00+02:00	30	2013-05-08	Stage 3	politics-society	talk	beginner	de	Joerg Heidrich	2014-02-24T19:04:35+01:00
rp13-session-1348	rp13	"Das meld ich dem Rundfunkrat!" - Neues aus der öffentlich-rechtlichen Kommentarambulanz	null	2013-05-08T15:30:00+02:00	2013-05-08T16:00:00+02:00	30	2013-05-08	Stage 5	media	talk	beginner	de	Deef Pirmasens, Simone Stoffers	2014-02-24T19:04:35+01:00
rp13-session-1363	rp13	Soziale Netze im ärztlichen Behandlungsraum	null	2013-05-08T10:30:00+02:00	2013-05-08T11:00:00+02:00	30	2013-05-08	Workshop C	research-education	talk	intermediate	de	Thomas Schmidt	2014-02-24T19:04:35+01:00
rp13-session-1374	rp13	Digitaldarwinismus – Warum gibt es keine digitalen Bananen?	null	2013-05-07T18:45:00+02:00	2013-05-07T19:45:00+02:00	60	2013-05-07	Stage 6	business-innovation	talk	beginner	de	Marcel-André Casasola Merkle, Agnes Lison	2014-02-24T18:44:48+01:00
rp13-session-1382	rp13	Blended Health - Immer noch nicht gesund durch's Internet? Zu dumm, zu arm oder hilft es einfach nicht?	null	2013-05-08T12:30:00+02:00	2013-05-08T13:30:00+02:00	60	2013-05-08	Workshop C	research-education	workshop	beginner	de	Kai Sostmann	2014-02-24T19:04:35+01:00
rp13-session-1389	rp13	Wer bist Du wirklich? Wir basteln uns ehrliche Social-Media-Accounts!	null	2013-05-07T19:15:00+02:00	2013-05-07T19:45:00+02:00	30	2013-05-07	Workshop C	republica	workshop	beginner	de	Ninia Binias	2014-02-24T19:04:35+01:00
rp13-session-1393	rp13	YouTube – zwischen Wildwest und Goldgrube.	null	2013-05-06T14:45:00+02:00	2013-05-06T15:45:00+02:00	60	2013-05-06	Stage 2	media	discussion	beginner	de	Bertram Gugel, Markus Hündgen	2014-02-24T19:04:35+01:00
rp13-session-1397	rp13	Saisonrückblick Social Media Recht	null	2013-05-07T18:45:00+02:00	2013-05-07T19:45:00+02:00	60	2013-05-07	Stage 5	media	workshop	intermediate	de	Thorsten Feldmann, Henning  Krieg	2014-02-24T19:04:35+01:00
rp13-session-1404	rp13	Die Total-Überwachung des Reiseverkehrs	null	2013-05-08T11:15:00+02:00	2013-05-08T11:45:00+02:00	30	2013-05-08	Workshop D	politics-society	talk	beginner	de	Alexander Sander	2014-02-24T19:04:35+01:00
rp13-session-1405	rp13	Yarnbombing, Social Commerce und die Craftistas: Wie das Internet Crafting und Crafting unsere Gesellschaft verändert	null	2013-05-07T16:15:00+02:00	2013-05-07T16:45:00+02:00	30	2013-05-07	Stage 5	business-innovation	talk	beginner	de	Daniela Warndorf, Kiki Haas	2014-02-24T18:44:48+01:00
rp13-session-1435	rp13	Lunch Beat	null	2013-05-07T11:45:00+02:00	2013-05-07T12:45:00+02:00	60	2013-05-07	re:publica	culture	action	beginner	en	Inken Meyer, Dan Weigl	2014-02-24T19:04:35+01:00
rp13-session-1438	rp13	crushing data silos with ownCloud	null	2013-05-08T12:30:00+02:00	2013-05-08T13:00:00+02:00	30	2013-05-08	Stage 4	science-technology	talk	intermediate	en	Frank Karlitschek	2014-02-24T19:04:35+01:00
rp13-session-1446	rp13	Online universities - food for thought or an intellectual malnutrition epidemic?	null	2013-05-08T15:00:00+02:00	2013-05-08T15:30:00+02:00	30	2013-05-08	Stage 2	research-education	talk	intermediate	en	Sebastian Wernicke, Jörn Loviscach	2014-02-24T19:04:35+01:00
rp13-session-1449	rp13	Ohne Jauch geht’s auch. Thema: Von Human Resources zu Human Relations - wie sieht die Arbeit der Zukunft aus?	null	2013-05-07T20:00:00+02:00	2013-05-07T21:00:00+02:00	60	2013-05-07	Stage 1	media	discussion	beginner	de	Sue Reindke, Joachim Hasebrook, Teresa Bücker, Anke Domscheit-Berg, Stefan Sell, Anna-Mareike Krause, Tilo Jung	2014-02-24T19:04:35+01:00
rp13-session-1454	rp13	Kinderkram: "So nutzen Kids das Web"	null	2013-05-06T12:15:00+02:00	2013-05-06T13:15:00+02:00	60	2013-05-06	Stage 6	business-innovation	discussion	beginner	de	Sarah Pust, Christine  Feil, Sabine Frank, Christiane  Baumann, Verena Delius	2014-02-24T18:44:48+01:00
rp13-session-1476	rp13	Weder süß, noch salzig: Wie mir die Piratenpartei meine Freizeit nahm	null	2013-05-07T19:15:00+02:00	2013-05-07T19:45:00+02:00	30	2013-05-07	Stage 3	politics-society	talk	beginner	de	Caspar Clemens Mierau	2014-02-24T19:04:35+01:00
rp13-session-1532	rp13	Das Ende der Arbeit – Wenn Maschinen uns ersetzen	null	2013-05-07T11:15:00+02:00	2013-05-07T12:15:00+02:00	60	2013-05-07	Stage 3	politics-society	talk	beginner	de	Johannes Kleske	2014-02-24T19:04:35+01:00
rp13-session-1535	rp13	Me & My City	null	2013-05-08T15:00:00+02:00	2013-05-08T16:00:00+02:00	60	2013-05-08	Workshop B	science-technology	workshop	intermediate	en	Martin Spindler, Louisa Heinrich	2014-02-24T19:04:35+01:00
rp13-session-1538	rp13	openPlanB - Stufe 2	null	2013-05-06T12:45:00+02:00	2013-05-06T13:15:00+02:00	30	2013-05-06	Stage 3	politics-society	talk	intermediate	de	Michael Kreil	2014-02-24T19:04:35+01:00
rp13-session-1547	rp13	Open Data – und was hat das mit mir zu tun?	null	2013-05-06T12:15:00+02:00	2013-05-06T12:45:00+02:00	30	2013-05-06	Stage 3	politics-society	talk	beginner	de	Julia Kloiber, Stefan Wehrmeyer	2014-02-24T19:04:35+01:00
rp13-session-1552	rp13	The story of Baladna FM: How a Syrian online radio station is broadcasting against the regime and has to deal with hacker attacks by the Syrian Electronic Army	null	2013-05-06T16:00:00+02:00	2013-05-06T17:00:00+02:00	60	2013-05-06	Stage 4	politics-society	discussion	beginner	en	Kai Schächtele, Monis Bukhari	2014-02-24T19:04:35+01:00
rp13-session-1560	rp13	Im Schatten des Rechts - Wie informelle Normen das Urheberrecht unterlaufen oder auch auf den Kopf stellen	null	2013-05-08T11:15:00+02:00	2013-05-08T11:45:00+02:00	30	2013-05-08	Stage 3	politics-society	discussion	intermediate	de	Jeanette Hofmann, Christian  Katzenbach	2014-02-24T19:04:35+01:00
rp13-session-1561	rp13	"Und warum sind da jetzt Brüste?" - Warum auch die Gamerszene mehr als einen Aufschrei verdient hat	null	2013-05-08T15:00:00+02:00	2013-05-08T16:00:00+02:00	60	2013-05-08	Stage 7	culture	discussion	beginner	de	Kirsten Gross	2014-02-24T19:04:35+01:00
rp13-session-1572	rp13	Von Television zu WikiVision: Mediale Grundversorgung von allen für alle	null	2013-05-08T10:00:00+02:00	2013-05-08T10:30:00+02:00	30	2013-05-08	Stage 5	media	discussion	intermediate	de	Volker Grassmuck	2014-02-24T19:04:35+01:00
rp13-session-1573	rp13	Personal Revolutions Along the Nile	null	2013-05-06T17:15:00+02:00	2013-05-06T17:45:00+02:00	30	2013-05-06	Stage 4	politics-society	talk	advanced	en	Mark Rendeiro	2014-02-24T19:04:35+01:00
rp13-session-1577	rp13	Das Buch muss überwunden werden - Digitales Utopia oder eher El Dorado?	null	2013-05-06T17:15:00+02:00	2013-05-06T18:15:00+02:00	60	2013-05-06	Stage 3	culture	discussion	intermediate	de	Tina Lorenz, Mathias Schindler, Ralf Stockmann	2014-02-24T19:04:35+01:00
rp13-session-1597	rp13	Gute MOOCs - böse MOOCs? Openness als Killerkriterium!	null	2013-05-08T16:15:00+02:00	2013-05-08T17:15:00+02:00	60	2013-05-08	Stage 6	research-education	talk	intermediate	de	Dörte Giebel, Monika E. König, Heinz Wittenbrink	2014-02-24T19:04:35+01:00
rp13-session-1618	rp13	Klackerlaken - building solderless, glowing vibrobots	null	2013-05-08T13:45:00+02:00	2013-05-08T14:45:00+02:00	60	2013-05-08	Workshop D	science-technology	workshop	beginner	en	Mey Lean Kronemann	2014-02-24T19:04:35+01:00
rp13-session-162	rp13	E-Zigarette, der Genuß der aus dem Internet kam	null	2013-05-08T16:15:00+02:00	2013-05-08T16:45:00+02:00	30	2013-05-08	Stage 3	science-technology	talk	beginner	de	Thomas Andrezak	2014-02-24T19:04:35+01:00
rp13-session-1626	rp13	Faszination Grundlagenforschung –  Das Higgs, Big Data und die Teilchenphysik	null	2013-05-07T15:00:00+02:00	2013-05-07T16:00:00+02:00	60	2013-05-07	Stage 5	science-technology	discussion	beginner	de	Kerstin Tackmann, Christoph Wissing, Kerstin  Borras, Henning Krause	2014-02-24T19:04:35+01:00
rp13-session-1628	rp13	Let’s Talk about Content! - Wie sich die Infrastruktur des Internets verändert	null	2013-05-07T11:15:00+02:00	2013-05-07T12:15:00+02:00	60	2013-05-07	Stage 4	business-innovation	discussion	intermediate	de	Uta Meier-Hahn, Cara Schwarz-Schilling, Klaus Landefeld, Jan Krancke, Simon Schlauri	2014-02-24T18:44:48+01:00
rp13-session-1631	rp13	haters gonna hate - Lovepicking und die Folgen	null	2013-05-07T18:00:00+02:00	2013-05-07T18:30:00+02:00	30	2013-05-07	Stage 6	politics-society	discussion	intermediate	de	Mey Lean Kronemann	2014-02-24T19:04:35+01:00
rp13-session-1642	rp13	IN, SIDE, OUT of SCIENCE	null	2013-05-07T12:30:00+02:00	2013-05-07T13:30:00+02:00	60	2013-05-07	Stage 5	science-technology	discussion	intermediate	de	Solveig Wehking, Lars Fischer, Anders Levermann, Ruth Schöllhammer	2014-02-24T19:04:35+01:00
rp13-session-1672	rp13	Gaming-Kultur in Asien - Lernkultur in Deutschland?	null	2013-05-08T13:45:00+02:00	2013-05-08T14:15:00+02:00	30	2013-05-08	Stage 6	research-education	talk	intermediate	de	Christoph Deeg	2014-02-24T19:04:35+01:00
rp13-session-1674	rp13	Debunking conspiracy theories	null	2013-05-07T16:15:00+02:00	2013-05-07T17:15:00+02:00	60	2013-05-07	Stage 3	politics-society	workshop	beginner	de	Anna Groß, Johannes Baldauf, Alice Lanzke	2014-02-24T19:04:35+01:00
rp13-session-168	rp13	Browser Fingerprinting: Tracking ohne Spuren zu hinterlassen	null	2013-05-07T13:45:00+02:00	2013-05-07T14:15:00+02:00	30	2013-05-07	Stage 7	science-technology	talk	intermediate	de	Henning Tillmann	2014-02-24T19:04:35+01:00
rp13-session-1697	rp13	Silly jokes or game changers? A live international comparison of political memes.	null	2013-05-06T14:45:00+02:00	2013-05-06T15:15:00+02:00	30	2013-05-06	Stage 4	politics-society	discussion	beginner	en	Stefan Panhuijsen, Jillian York	2014-02-24T19:04:35+01:00
rp13-session-1698	rp13	Sportblogs und Sportjournalismus - Von investigativen Journalismus aus der Nische	null	2013-05-06T18:30:00+02:00	2013-05-06T19:00:00+02:00	30	2013-05-06	Stage 7	media	discussion	intermediate	de	Alexander Hauser, Don Dahlmann, Sebastian Fiebrig, Kai Pahl	2014-02-24T19:04:35+01:00
rp13-session-170	rp13	Facebook: vom Revolutionsmacher zum Revolutionsgegner?	null	2013-05-06T19:00:00+02:00	2013-05-06T19:30:00+02:00	30	2013-05-06	Stage 4	politics-society	talk	intermediate	de	Zahi Alawi	2014-02-24T19:04:35+01:00
rp13-session-1707	rp13	10 Vorschläge um die Welt zu verbessern	null	2013-05-08T12:30:00+02:00	2013-05-08T13:30:00+02:00	60	2013-05-08	Stage 2	republica	talk	intermediate	de	Felix Schwenzel	2014-02-24T19:04:35+01:00
rp13-session-1714	rp13	Street fighting data science	null	2013-05-08T10:00:00+02:00	2013-05-08T11:00:00+02:00	60	2013-05-08	Workshop A	science-technology	workshop	intermediate	de	Benedikt Köhler, Joerg Blumtritt	2014-02-24T19:04:35+01:00
rp13-session-1715	rp13	Twitter und die Politik: Zur Analyse temporärer und langfristiger politischer Netzwerke	null	2013-05-06T18:30:00+02:00	2013-05-06T19:30:00+02:00	60	2013-05-06	Stage 6	politics-society	talk	intermediate	de	Axel Bruns, Julian Ausserhofer, Axel Maireder, Christian Nuernbergk	2014-02-24T19:04:35+01:00
rp13-session-1716	rp13	Code Literacy – Verstehen, was uns online lenkt	null	2013-05-06T13:30:00+02:00	2013-05-06T14:30:00+02:00	60	2013-05-06	Stage 5	science-technology	workshop	intermediate	de	Nele Heise, Stephan Dreyer, Jan  Schmidt, Katharina Johnsen, Sebastian Deterding	2014-02-24T19:04:35+01:00
rp13-session-172	rp13	Kommunikation zwischen Unbekannten über Unbekanntes und warum Internetrollerei nicht schlimm ist	null	2013-05-08T10:30:00+02:00	2013-05-08T11:00:00+02:00	30	2013-05-08	Stage 6	politics-society	talk	advanced	de	Klaus Kusanowsky	2014-02-24T19:04:35+01:00
rp13-session-1726	rp13	Muslimische BloggerInnen schaffen Gegenöffentlichkeit	null	2013-05-06T18:30:00+02:00	2013-05-06T19:00:00+02:00	30	2013-05-06	Stage 4	media	talk	intermediate	de	Stine Eckert	2014-02-24T19:04:35+01:00
rp13-session-1749	rp13	Wie das Internet literarisches Schreiben verändert	null	2013-05-08T13:45:00+02:00	2013-05-08T14:45:00+02:00	60	2013-05-08	Stage 4	culture	talk	intermediate	de	Frederic Valin, Jan-Uwe Fitz	2014-02-24T19:04:35+01:00
rp13-session-1759	rp13	Modeblogger vereinigt euch! Sind Blog-Netzwerke der Schlüssel zur Professionalisierung?	null	2013-05-07T10:00:00+02:00	2013-05-07T11:00:00+02:00	60	2013-05-07	Stage 3	business-innovation	discussion	intermediate	de	Anna Weilberg, David Kurth Karl  Roth, Katja Dalhöfer, Katja Schweitzberger	2014-02-24T18:44:48+01:00
rp13-session-1764	rp13	Preenaction – Die Zukunft sozialer Medien „erspielen“?	null	2013-05-08T15:00:00+02:00	2013-05-08T16:00:00+02:00	60	2013-05-08	Workshop D	research-education	talk	beginner	de	Daniela Kuka	2014-02-24T19:04:35+01:00
rp13-session-1765	rp13	Der Urheberrechts-Yeti	null	2013-05-08T13:00:00+02:00	2013-05-08T13:30:00+02:00	30	2013-05-08	Stage 3	research-education	talk	intermediate	de	Mathias Schindler	2014-02-24T19:04:35+01:00
rp13-session-1767	rp13	Von Piraten und Friesennerds: Liquid Democracy in der Praxis	null	2013-05-08T16:15:00+02:00	2013-05-08T16:45:00+02:00	30	2013-05-08	Workshop A	politics-society	discussion	beginner	de	Djure Meinen, Joerg Blumtritt	2014-02-24T19:04:35+01:00
rp13-session-1781	rp13	Algorithmen-Ethik	null	2013-05-06T14:45:00+02:00	2013-05-06T15:45:00+02:00	60	2013-05-06	Stage 5	politics-society	discussion	beginner	de	Joerg Blumtritt, Martina Pickhardt, Stephan Noller	2014-02-24T19:04:35+01:00
rp13-session-1786	rp13	A Map of Everywhere You Go Outside - Mining Personal Data	null	2013-05-08T16:15:00+02:00	2013-05-08T16:45:00+02:00	30	2013-05-08	Workshop D	culture	workshop	intermediate	en	Daniel Belasco Rogers, Sophia New	2014-02-24T19:04:35+01:00
rp13-session-179	rp13	Laptop Yoga	null	2013-05-08T10:00:00+02:00	2013-05-08T11:00:00+02:00	60	2013-05-08	Stage 7	republica	workshop	beginner	de	Annina Luzie Schmid	2014-02-24T19:04:35+01:00
rp13-session-1805	rp13	Du nennst es Programmieren, ich nenne es Rock 'n' Roll. Über weibliche Programmierer-Netzwerke.	null	2013-05-07T16:45:00+02:00	2013-05-07T17:15:00+02:00	30	2013-05-07	Stage 7	research-education	talk	beginner	de	Julia Hoffmann, Natalie Sontopski, theresa heilmann	2014-02-24T19:04:35+01:00
rp13-session-1806	rp13	Netzkultur vs Urheberrecht	null	2013-05-08T11:45:00+02:00	2013-05-08T12:15:00+02:00	30	2013-05-08	Stage 3	culture	discussion	intermediate	de	René Walter, Ronny Kraak, Valie  Djordjevic	2014-02-24T19:04:35+01:00
rp13-session-1810	rp13	Data Kitchen - How to get juicy data from spreadsheets	null	2013-05-06T18:30:00+02:00	2013-05-06T19:00:00+02:00	30	2013-05-06	Stage 2	culture	talk	beginner	en	Anna Lena Schiller, Sylke Gruhnwald, Lisa Rienermann	2014-02-24T19:04:35+01:00
rp13-session-1812	rp13	Sketchnotes	null	2013-05-06T12:15:00+02:00	2013-05-06T13:15:00+02:00	60	2013-05-06	Workshop C	culture	workshop	beginner	de	Anna Lena Schiller, Ralf Appelt	2014-02-24T19:04:35+01:00
rp13-session-1814	rp13	Herm und Nilz präsentieren: Das Internet – Der Preis	null	2013-05-07T20:00:00+02:00	2013-05-07T21:00:00+02:00	60	2013-05-07	Stage 3	republica	talk	beginner	de	Nilz Bokelberg, Markus Herrmann	2014-02-24T19:04:35+01:00
rp13-session-182	rp13	"Hast Du das schon getwittert?" - Über Nutzen und Risiken von #openjournalism	null	2013-05-08T15:00:00+02:00	2013-05-08T15:30:00+02:00	30	2013-05-08	Stage 5	media	talk	beginner	de	Daniel Bröckerhoff	2014-02-24T19:04:35+01:00
rp13-session-1823	rp13	Wikipedia: wo User geblockt, Artikel gelöscht und Reputationen zerstört werden	null	2013-05-06T18:30:00+02:00	2013-05-06T19:30:00+02:00	60	2013-05-06	Stage 3	research-education	discussion	beginner	de	Anja Ebersbach, Pavel Richter, Dirk Franke	2014-02-24T19:04:35+01:00
rp13-session-1825	rp13	Der Montag liebt dich	null	2013-05-07T10:00:00+02:00	2013-05-07T10:30:00+02:00	30	2013-05-07	Stage 1	politics-society	talk	intermediate	de	Teresa Bücker	2014-02-24T19:04:35+01:00
rp13-session-183	rp13	Mixing Pop & Politics	null	2013-05-07T18:45:00+02:00	2013-05-07T19:15:00+02:00	30	2013-05-07	Stage 3	media	discussion	beginner	de	Daniel Decker	2014-02-24T19:04:35+01:00
rp13-session-184	rp13	Why Hackers Should Be Fed	null	2013-05-07T13:45:00+02:00	2013-05-07T14:45:00+02:00	60	2013-05-07	Stage 3	politics-society	talk	intermediate	de	Matthias Spielkamp, Joel Dullroy	2014-02-24T19:04:35+01:00
rp13-session-1859	rp13	Music Recommendation – Future Casting	null	2013-05-07T18:45:00+02:00	2013-05-07T19:45:00+02:00	60	2013-05-07	Stage 4	culture	discussion	intermediate	en	Eric Eitel, Stephan Baumann, Amélie Anglade, Marie Heimer	2014-02-24T19:04:35+01:00
rp13-session-1862	rp13	Die Themenkarriere des Leistungsschutzrechtes für Presseverlage	null	2013-05-08T13:45:00+02:00	2013-05-08T14:15:00+02:00	30	2013-05-08	Workshop B	media	talk	beginner	de	Christopher Buschow	2014-02-24T19:04:35+01:00
rp13-session-1864	rp13	Semiotik für Nerds – Oder von der Unwahrscheinlichkeit gelingender Kommunikation und offenen Kunstwerken	null	2013-05-06T12:15:00+02:00	2013-05-06T13:15:00+02:00	60	2013-05-06	Workshop A	culture	workshop	beginner	de	Jörg Braun, Sabria David	2014-02-24T19:04:35+01:00
rp13-session-1865	rp13	Richtig essen, richtig schlafen, und lasst die Mate weg: Besser Leben für Geeks	null	2013-05-08T16:45:00+02:00	2013-05-08T17:15:00+02:00	30	2013-05-08	Stage 3	research-education	talk	beginner	de	Matthias Bauer	2014-02-24T19:04:35+01:00
rp13-session-1867	rp13	Blogs und Bier? Das lob’ ich mir! #ironblogger	null	2013-05-08T16:15:00+02:00	2013-05-08T16:45:00+02:00	30	2013-05-08	Stage 5	media	discussion	beginner	de	Nicole Ebber, Johannes Schleimer, Kathrin Kaufmann, Thomas Renger, Steffen Voß	2014-02-24T19:04:35+01:00
rp13-session-1868	rp13	Personal Branding Kampagne: Wie der neue Job dich findet	null	2013-05-07T16:45:00+02:00	2013-05-07T17:15:00+02:00	30	2013-05-07	Stage 5	business-innovation	talk	intermediate	de	Christine Heller, Jochen Mai	2014-02-24T18:44:48+01:00
rp13-session-1879	rp13	meshing berlin networking-networks/LABism vs. Lobbyism - quo vadis civic creativity?	null	2013-05-08T10:00:00+02:00	2013-05-08T11:00:00+02:00	60	2013-05-08	Workshop D	culture	workshop	intermediate	de	Claudia Kefer, Björn Weigelt	2014-02-24T19:04:35+01:00
rp13-session-188	rp13	Datenbefreiung selbst gemacht.	null	2013-05-08T11:15:00+02:00	2013-05-08T12:15:00+02:00	60	2013-05-08	Stage 5	science-technology	talk	beginner	de	Sebastian Vollnhals, Jens Ohlig, Michael Kreil	2014-02-24T19:04:35+01:00
rp13-session-1887	rp13	Music Recommendation - From Peel To Peer: Curatorial Models	null	2013-05-07T18:00:00+02:00	2013-05-07T18:30:00+02:00	30	2013-05-07	Stage 4	culture	discussion	beginner	en	Christian Tjaben, Oke Göttlich	2014-02-24T19:04:35+01:00
rp13-session-1888	rp13	The Neighborhood Will Not Be Streamed	null	2013-05-08T13:00:00+02:00	2013-05-08T13:30:00+02:00	30	2013-05-08	Stage 7	culture	talk	intermediate	en	Andreas Unteidig, Florian  Sametinger, Jennifer  Schubert	2014-02-24T19:04:35+01:00
rp13-session-1890	rp13	Investigatives Bloggen – Das Informationsfreiheitsgesetz richtig nutzen	null	2013-05-08T15:00:00+02:00	2013-05-08T16:00:00+02:00	60	2013-05-08	Workshop A	media	discussion	beginner	de	Stefan Wehrmeyer, Ansgar Koreng, Michael Hörz	2014-02-24T19:04:35+01:00
rp13-session-1892	rp13	Export Controls for Dual-Use Software	null	2013-05-08T12:30:00+02:00	2013-05-08T13:30:00+02:00	60	2013-05-08	Stage 5	politics-society	discussion	beginner	en	Eric King, Markus Löning, Christian Mihr, Andreas Bogk, Geraldine de Bastion	2014-02-24T19:04:35+01:00
rp13-session-190	rp13	Die Digital Natives ziehen in den Krieg	null	2013-05-08T13:45:00+02:00	2013-05-08T14:45:00+02:00	60	2013-05-08	Stage 2	politics-society	talk	beginner	de	Thomas Wiegold, Sascha Stoltenow	2014-02-24T19:04:35+01:00
rp13-session-1916	rp13	Boom vs. Culture Clash | Understanding online in South East Asia	null	2013-05-06T17:45:00+02:00	2013-05-06T18:15:00+02:00	30	2013-05-06	Stage 4	culture	talk	intermediate	en	Sascha Funk	2014-02-24T19:04:35+01:00
rp13-session-1930	rp13	403 Forbidden: A Hands on Experience of the Iranian Internet	null	2013-05-06T13:30:00+02:00	2013-05-06T14:30:00+02:00	60	2013-05-06	Stage 4	politics-society	workshop	beginner	en	Bronwen Robertson, Maral Pourkazemi, Mahmood Enayat, Stina Backer	2014-02-24T19:04:35+01:00
rp13-session-1932	rp13	Von außen nach innen: Der soziale Kontext von Crowdsourcing	null	2013-05-08T15:00:00+02:00	2013-05-08T16:00:00+02:00	60	2013-05-08	Stage 6	business-innovation	talk	intermediate	de	Thomas Gegenhuber, Robert Bauer	2014-02-24T18:44:48+01:00
rp13-session-1933	rp13	Six degrees of Wikipedia	null	2013-05-07T20:00:00+02:00	2013-05-07T21:00:00+02:00	60	2013-05-07	Stage 6	republica	action	beginner	de	Sebastian Vollnhals, Julian Finn	2014-02-24T19:04:35+01:00
rp13-session-1940	rp13	Open Data & Culture - Creating the Cultural Commons	null	2013-05-06T14:00:00+02:00	2013-05-06T14:30:00+02:00	30	2013-05-06	Stage 3	culture	talk	intermediate	en	Joris Pekel, Daniel Dietrich	2014-02-24T19:04:35+01:00
rp13-session-1955	rp13	Kontingenz im Design - ODER: der Dschungel der Möglichkeiten	null	2013-05-07T17:30:00+02:00	2013-05-07T18:00:00+02:00	30	2013-05-07	Stage 6	culture	talk	intermediate	de	Magdalena Reiter	2014-02-24T19:04:35+01:00
rp13-session-1957	rp13	Mass Customization: Da geht noch mehr	null	2013-05-06T14:00:00+02:00	2013-05-06T14:30:00+02:00	30	2013-05-06	Stage 2	business-innovation	talk	beginner	de	Kathrin Passig	2014-02-24T18:44:48+01:00
rp13-session-1959	rp13	Das kleine Digitale und das große Ganze. Internetaktivismus, Netzbewegung und Politik	null	2013-05-07T10:00:00+02:00	2013-05-07T11:00:00+02:00	60	2013-05-07	Stage 4	politics-society	discussion	intermediate	de	Kathrin Ganz, Hans Christian Voigt, Anne Roth	2014-02-24T19:04:35+01:00
rp13-session-1969	rp13	Netzwerkanalyse und politische Öffentlichkeit	null	2013-05-08T13:45:00+02:00	2013-05-08T14:45:00+02:00	60	2013-05-08	Stage 7	politics-society	discussion	intermediate	de	Stefan Heidenreich	2014-02-24T19:04:35+01:00
rp13-session-1978	rp13	Die zukünftige Stadt: Sensoren und vernetzte urbane Kommunikation (Einführungsvortrag mit Diskussion)	null	2013-05-08T16:15:00+02:00	2013-05-08T17:15:00+02:00	60	2013-05-08	Stage 7	science-technology	discussion	intermediate	de	Marc Altenburg	2014-02-24T19:04:35+01:00
rp13-session-1981	rp13	News you can't print - journalism beyond the article	null	2013-05-07T13:00:00+02:00	2013-05-07T13:30:00+02:00	30	2013-05-07	Stage 3	media	workshop	intermediate	en	Annabel Church, Friedrich Lindenberg	2014-02-24T19:04:35+01:00
rp13-session-1984	rp13	DNT: Transatlantic Divide	null	2013-05-07T14:15:00+02:00	2013-05-07T14:45:00+02:00	30	2013-05-07	Stage 7	politics-society	talk	intermediate	en	Walter van Holst	2014-02-24T19:04:35+01:00
rp13-session-1986	rp13	Internet-Meme: Geschichte, Forschungsstand, Kontroversen	null	2013-05-08T15:00:00+02:00	2013-05-08T15:30:00+02:00	30	2013-05-08	Stage 3	culture	talk	intermediate	de	Christian Heller, Nils Dagsson Moskopp	2014-02-24T19:04:35+01:00
rp13-session-2007	rp13	Die vierte Wand als Twitterwall. Eine Schauspiel- Performance mit Hashtag. Ein Experiment.	null	2013-05-08T15:00:00+02:00	2013-05-08T15:30:00+02:00	30	2013-05-08	Stage 4	culture	action	beginner	de	Jeannette Gusko, Bianca Praetorius	2014-02-24T19:04:35+01:00
rp13-session-2010	rp13	Die Liga der Internet-Schurken – "Post Mortem" zum Superhelden-Comic des Digitale Gesellschaft e. V.	null	2013-05-07T18:45:00+02:00	2013-05-07T19:15:00+02:00	30	2013-05-07	Workshop B	culture	talk	beginner	de	Gregor Sedlag	2014-02-24T19:04:35+01:00
rp13-session-2012	rp13	Das heilige Abendmahl	null	2013-05-06T19:45:00+02:00	2013-05-06T20:45:00+02:00	60	2013-05-06	Stage 3	republica	action	beginner	de	Huck Haas, Gerrit Bruce Becht, Maike Hank, Tobias 'schlenzalot' Schramm, Anja Gottschling	2014-02-24T19:04:35+01:00
rp13-session-2016	rp13	Mobile applications as a tool of public participation  in the context of  political crisis in contemporary Russia	null	2013-05-08T14:15:00+02:00	2013-05-08T14:45:00+02:00	30	2013-05-08	Workshop A	politics-society	workshop	beginner	en	Ksenia Ermoshina	2014-02-24T19:04:35+01:00
rp13-session-2042	rp13	Heute aufwachsen in Digitalistan: Die neuen mündigen Menschen?	null	2013-05-07T15:30:00+02:00	2013-05-07T16:00:00+02:00	30	2013-05-07	Stage 2	politics-society	talk	beginner	de	Manuela Schauerhammer	2014-02-24T19:04:35+01:00
rp13-session-2045	rp13	Jagen, Sammeln, Pflegen - alte und neue Aufgaben für die Öffentlich-Rechtlichen in Zeiten des Internet	null	2013-05-08T10:30:00+02:00	2013-05-08T11:00:00+02:00	30	2013-05-08	Stage 5	media	talk	intermediate	de	Lorenz Lorenz-Meyer	2014-02-24T19:04:35+01:00
rp13-session-2063	rp13	Offene API für die Lokalpolitik	null	2013-05-08T16:45:00+02:00	2013-05-08T17:15:00+02:00	30	2013-05-08	Workshop A	politics-society	talk	beginner	de	Marian Steinbach	2014-02-24T19:04:35+01:00
rp13-session-2161	rp13	Radio Universal	null	2013-05-07T10:00:00+02:00	2013-05-07T11:00:00+02:00	60	2013-05-07	Stage 2	media	talk	intermediate	de	Tim Pritlove	2014-02-24T19:04:35+01:00
rp13-session-2282	rp13	dorkbot.bln "re:publica 13 Special"	null	2013-05-07T20:00:00+02:00	2013-05-07T21:00:00+02:00	60	2013-05-07	Stage 4	culture	action	beginner	de	Joanna Dauner, Mario Sixtus, Mey Lean Kronemann, Gregor Sedlag, Mariska de Groot, Marjam Fels	2014-02-24T19:04:35+01:00
rp13-session-2283	rp13	Praktische Anleitung für den fürsorglichen Überwachungsstaat	null	2013-05-06T18:30:00+02:00	2013-05-06T19:00:00+02:00	30	2013-05-06	Stage 5	politics-society	talk	beginner	de	Kirsten Fiedler, Alexander Sander	2014-02-24T19:04:35+01:00
rp13-session-2304	rp13	Freedom of speech, nipples and the rule of law	null	2013-05-06T14:45:00+02:00	2013-05-06T15:15:00+02:00	30	2013-05-06	Stage 3	politics-society	talk	beginner	en	Joe McNamee	2014-02-24T19:04:35+01:00
rp13-session-2391	rp13	Graben – Retten – Teilen	null	2013-05-06T12:15:00+02:00	2013-05-06T13:15:00+02:00	60	2013-05-06	Workshop D	culture	discussion	beginner	de	Stefan Domke, David Ohrndorf	2014-02-24T19:04:35+01:00
rp13-session-2442	rp13	Mediated Life after Virtualization. A Critical Look at the Scenarios Forecast by New Wearable Augmented Reality Visualization Technologies.	null	2013-05-07T11:45:00+02:00	2013-05-07T12:15:00+02:00	30	2013-05-07	Stage 5	science-technology	talk	intermediate	en	Francesco Lapenta	2014-02-24T19:04:35+01:00
rp13-session-2546	rp13	Surveillance by Design	null	2013-05-06T19:00:00+02:00	2013-05-06T19:30:00+02:00	30	2013-05-06	Stage 5	politics-society	discussion	intermediate	en	Raegan MacDonald	2014-02-24T19:04:35+01:00
rp13-session-2732	rp13	How music can predict the human/machine future	null	2013-05-07T17:30:00+02:00	2013-05-07T18:00:00+02:00	30	2013-05-07	Stage 4	science-technology	talk	intermediate	en	Peter Kirn	2014-02-24T19:04:35+01:00
rp13-session-2870	rp13	Embrace the Hate	null	2013-05-07T18:45:00+02:00	2013-05-07T19:15:00+02:00	30	2013-05-07	Workshop C	culture	workshop	beginner	en	Faith Bosworth 	2014-02-24T19:04:35+01:00
rp13-session-2923	rp13	Investigation 2.0	null	2013-05-07T12:30:00+02:00	2013-05-07T13:00:00+02:00	30	2013-05-07	Stage 3	media	talk	intermediate	en	Stephanie Hankey, Marek Tuszynski	2014-02-24T19:04:35+01:00
rp13-session-3059	rp13	Myths of the Open Internet: Bust Them and Get Busy	null	2013-05-08T13:45:00+02:00	2013-05-08T14:45:00+02:00	60	2013-05-08	Stage 3	politics-society	discussion	beginner	en	Ellery Roberts Biddle, Hisham Almiraat	2014-02-24T19:04:35+01:00
rp13-session-3110	rp13	Googlequiz - 2013 Edition	null	2013-05-06T19:45:00+02:00	2013-05-06T20:45:00+02:00	60	2013-05-06	Stage 6	republica	action	beginner	de	Blanche Fabri, Jöran Muuß-Merholz	2014-02-24T19:04:35+01:00
rp13-session-3983	rp13	Netzgemüse: The Kids Are Alright	null	2013-05-07T15:00:00+02:00	2013-05-07T15:30:00+02:00	30	2013-05-07	Stage 2	media	talk	intermediate	de	Tanja Haeusler, Johnny Haeusler	2014-02-24T19:04:35+01:00
rp13-session-4058	rp13	Gesundheit im Internet in Zentraleuropa: Status Quo und Innovationspfade	null	2013-05-08T11:15:00+02:00	2013-05-08T11:45:00+02:00	30	2013-05-08	Workshop C	science-technology	talk	intermediate	de	Alexander Schachinger	2014-02-24T19:04:35+01:00
rp13-session-4176	rp13	Responding effectively to digital emergencies & human rights violations online	null	2013-05-08T10:00:00+02:00	2013-05-08T11:00:00+02:00	60	2013-05-08	Stage 3	politics-society	discussion	intermediate	en	Ben Wagner, Fieke Jansen, Jillian York, Stephanie Hankey, Claudio Guarnieri	2014-02-24T19:04:35+01:00
rp13-session-4257	rp13	Wissen.Macht.Moral – über das Digitale (im) Marionettentheater	null	2013-05-07T10:00:00+02:00	2013-05-07T11:00:00+02:00	60	2013-05-07	Stage 5	politics-society	talk	intermediate	de	Manouchehr Shamsrizi	2014-02-24T19:04:35+01:00
rp13-session-4273	rp13	Zivilkapitalismus. Wir sind die Wirtschaft.	null	2013-05-06T17:15:00+02:00	2013-05-06T17:30:00+02:00	15	2013-05-06	Stage 2	business-innovation	talk	beginner	de	Wolf Lotter	2014-02-24T18:44:48+01:00
rp13-session-4380	rp13	Die EU-Datenschutzreform als Balanceakt	null	2013-05-08T13:45:00+02:00	2013-05-08T14:45:00+02:00	60	2013-05-08	Stage 1	politics-society	discussion	beginner	de	Jan Philipp Albrecht, Paul Nemitz, Ninja Marnau, Max Schrems, Linnea Riensberg, Susanne Dehmel	2014-02-24T19:04:35+01:00
rp13-session-4381	rp13	Digital by default - „Digital Natives der Herzen" im Journalismus	null	2013-05-08T16:15:00+02:00	2013-05-08T17:15:00+02:00	60	2013-05-08	Stage 2	media	discussion	intermediate	de	Jochen Wegner, Stefan Plöchinger, Katharina Borchert, Friedemann Karig	2014-02-24T19:04:35+01:00
rp13-session-4655	rp13	decoding a book – Was ist Buch?	null	2013-05-07T12:30:00+02:00	2013-05-07T13:30:00+02:00	60	2013-05-07	Stage 7	culture	workshop	intermediate	de	Wibke Ladwig	2014-02-24T19:04:35+01:00
rp13-session-4656	rp13	Ein Blick in die Zukunft der Personalisierten Medizin	null	2013-05-08T11:45:00+02:00	2013-05-08T12:15:00+02:00	30	2013-05-08	Workshop C	science-technology	talk	beginner	de	Nicole Ambacher, Daniel Knapp	2014-02-24T19:04:35+01:00
rp13-session-4690	rp13	Space Night Mission Control ... GEMA, we have a problem. Fluch und Segen freier Inhalte in kommerziellen Märkten.	null	2013-05-08T10:30:00+02:00	2013-05-08T11:00:00+02:00	30	2013-05-08	Workshop B	culture	discussion	beginner	de	John H. Weitzmann, Luci van Org, Volker Tripp, Marco Trovatello, Ellen Vorac	2014-02-24T19:04:35+01:00
rp13-session-4694	rp13	Werde Shareholder der Revolution	null	2013-05-07T11:15:00+02:00	2013-05-07T11:45:00+02:00	30	2013-05-07	Stage 5	culture	talk	intermediate	de	Friedrich von Borries	2014-02-24T19:04:35+01:00
rp13-session-4711	rp13	Personal Data: Nothing to hide?	null	2013-05-06T15:15:00+02:00	2013-05-06T15:45:00+02:00	30	2013-05-06	Stage 3	politics-society	talk	intermediate	en	Katarzyna  Szymielewicz, Jérémie Zimmermann	2014-02-24T19:04:35+01:00
rp13-session-4735	rp13	Das vernetzte Auto – wie verändert sich unsere Mobilität? Ein Gespräch mit Dieter Zetsche.	null	2013-05-07T13:45:00+02:00	2013-05-07T14:45:00+02:00	60	2013-05-07	Stage 1	business-innovation	discussion	beginner	de	Dieter Zetsche, Martin Randelhoff	2014-02-24T18:44:48+01:00
rp13-session-4747	rp13	get re:ady to start: start-up pitches (2)	null	2013-05-06T14:45:00+02:00	2013-05-06T15:45:00+02:00	60	2013-05-06	Stage 6	business-innovation	talk	beginner	de	Frederik  Fischer, Marcus von Jordan, Björn Schneider, Michael Bräu, Florian Hofmann, Sebastian Ballweg	2014-02-24T18:44:48+01:00
rp13-session-4779	rp13	Raus aus der Rolle – Behinderung im Fernsehen	null	2013-05-08T12:30:00+02:00	2013-05-08T13:30:00+02:00	60	2013-05-08	Workshop B	media	discussion	intermediate	de	Raul Krauthausen, Lilian Masuhr, Ninia Binias, Martin Fromme, Erwin Aljukic	2014-02-24T19:04:35+01:00
rp13-session-4780	rp13	3D Printing: (How) can we make it a third industrial revolution?	null	2013-05-08T10:00:00+02:00	2013-05-08T11:00:00+02:00	60	2013-05-08	Stage 2	science-technology	discussion	beginner	en	Peter Troxler, Philip Steffan, Marlene Vogel	2014-02-24T19:04:35+01:00
rp13-session-4785	rp13	... and the rest will follow! (Digitale) Musikwirtschaft und Regionalentwicklung. Ein Zusammenhang in Gegenwart und Zukunft.	null	2013-05-07T16:15:00+02:00	2013-05-07T17:15:00+02:00	60	2013-05-07	Stage 4	culture	discussion	beginner	de	Hubert Wandjo, Andreas Rubin-Schwarz, Sebastian Andrej Schweizer, Janina Klabes, Tim Otto	2014-02-24T19:04:35+01:00
rp13-session-4802	rp13	It's meta, baby: Bücher, Metadaten und Discoverability	null	2013-05-07T18:45:00+02:00	2013-05-07T19:45:00+02:00	60	2013-05-07	Stage 7	culture	discussion	intermediate	de	Sandra Schüssel, Daniela Geyer, Linda Steglich, Tobias Proksch, Ralf  Biesemeier, Henrik Berggren	2014-02-24T19:04:35+01:00
rp13-session-4945	rp13	New Open Cities Challenge: Managing large tourism flows	null	2013-05-08T11:45:00+02:00	2013-05-08T12:15:00+02:00	30	2013-05-08	Stage 4	business-innovation	talk	intermediate	en	Carles Ferreiro	2014-02-24T18:44:48+01:00
rp13-session-4946	rp13	Ecstasy and Despair: How Powerful Emotions Trigger Digital Activism	null	2013-05-06T14:45:00+02:00	2013-05-06T15:15:00+02:00	30	2013-05-06	Stage 1	politics-society	talk	intermediate	en	Deanna Zandt	2014-02-24T19:04:35+01:00
rp13-session-5035	rp13	Aufruf zum metakulturellen Diskurs	null	2013-05-06T12:15:00+02:00	2013-05-06T13:15:00+02:00	60	2013-05-06	Stage 1	politics-society	talk	beginner	de	Gunter Dueck	2014-02-24T19:04:35+01:00
rp13-session-5037	rp13	Building a web we can trust	null	2013-05-06T16:00:00+02:00	2013-05-06T16:30:00+02:00	30	2013-05-06	Stage 1	science-technology	talk	intermediate	en	Mitchell Baker	2014-02-24T19:04:35+01:00
rp13-session-5039	rp13	Immer dieses Internet!	null	2013-05-06T17:30:00+02:00	2013-05-06T18:00:00+02:00	30	2013-05-06	Stage 2	culture	discussion	intermediate	de	Mercedes Bunz, Diedrich Diederichsen	2014-02-24T19:04:35+01:00
rp13-session-5040	rp13	Robot Ethics	null	2013-05-07T16:15:00+02:00	2013-05-07T17:15:00+02:00	60	2013-05-07	Stage 1	politics-society	talk	beginner	en	Kate Darling	2014-02-24T19:04:35+01:00
rp13-session-5044	rp13	Innovating Africa	null	2013-05-06T11:00:00+02:00	2013-05-06T12:00:00+02:00	60	2013-05-06	Stage 1	politics-society	talk	beginner	en	Erik Hersman	2014-02-24T19:04:35+01:00
rp13-session-5046	rp13	Iron Sky	null	2013-05-06T17:15:00+02:00	2013-05-06T17:45:00+02:00	30	2013-05-06	Stage 1	culture	talk	beginner	en	Tero Kaukomaa, Timo Vuorensola	2014-02-24T19:04:35+01:00
rp13-session-5047	rp13	Speculative Design	null	2013-05-08T12:30:00+02:00	2013-05-08T13:00:00+02:00	30	2013-05-08	Stage 1	culture	talk	beginner	en	Lisa Ma	2014-02-24T19:04:35+01:00
rp13-session-5048	rp13	brand eins	null	2013-05-06T13:15:00+02:00	2013-05-06T13:30:00+02:00	15	2013-05-06	Stage 1	research-education	discussion	beginner	de	Christoph Meinel	2014-02-24T19:04:35+01:00
rp13-session-5049	rp13	Cat Memes	null	2013-05-07T18:45:00+02:00	2013-05-07T19:45:00+02:00	60	2013-05-07	Stage 1	culture	action	beginner	en	Kate Miltner	2014-02-24T19:04:35+01:00
rp13-session-5051	rp13	Crowdsourced Astronomy	null	2013-05-07T11:15:00+02:00	2013-05-07T12:15:00+02:00	60	2013-05-07	Stage 1	science-technology	talk	beginner	en	Carolina Ödman-Govender	2014-02-24T19:04:35+01:00
rp13-session-5052	rp13	Digital Labor: New Opportunities, Old Inequalities	null	2013-05-07T12:30:00+02:00	2013-05-07T13:30:00+02:00	60	2013-05-07	Stage 2	politics-society	talk	beginner	en	R. Trebor Scholz	2014-02-24T19:04:35+01:00
rp13-session-5053	rp13	Net Neutrality	null	2013-05-07T13:45:00+02:00	2013-05-07T14:45:00+02:00	60	2013-05-07	Stage 2	science-technology	talk	beginner	en	Ben Scott, Hannah Seiffert, Markus Beckedahl	2014-02-24T19:04:35+01:00
rp13-session-5115	rp13	Eröffnung	null	2013-05-06T10:15:00+02:00	2013-05-06T11:15:00+02:00	60	2013-05-06	Stage 1	republica	talk	beginner	de	Andreas Gebhard, Markus Beckedahl, Tanja Haeusler, Johnny Haeusler	2014-02-24T19:04:35+01:00
rp13-session-5117	rp13	Comic Misunderstanding – A conversation with Graham Linehan (IT Crowd)	null	2013-05-06T18:30:00+02:00	2013-05-06T19:30:00+02:00	60	2013-05-06	Stage 1	culture	discussion	beginner	en	Graham Linehan, Johnny Haeusler	2014-02-24T19:04:35+01:00
rp13-session-5118	rp13	Zeit - Geld - Familie	null	2013-05-07T10:30:00+02:00	2013-05-07T11:00:00+02:00	30	2013-05-07	Stage 1	politics-society	talk	beginner	de	Jutta Allmendinger	2014-02-24T19:04:35+01:00
rp13-session-5119	rp13	It's not a fax machine connect to a waffle iron	null	2013-05-08T15:00:00+02:00	2013-05-08T16:00:00+02:00	60	2013-05-08	Stage 1	politics-society	talk	beginner	en	Cory Doctorow	2014-02-24T19:04:35+01:00
rp13-session-5133	rp13	Best Practice-Projekte: Digitale Inklusion	null	2013-05-08T11:15:00+02:00	2013-05-08T12:15:00+02:00	60	2013-05-08	Workshop B	politics-society	discussion	beginner	de	Wolfgang Spreicer, Arabella Niederberger, Andi Weiland, Holger Niederberger	2014-02-24T19:04:35+01:00
rp13-session-5134	rp13	1 Million Petitionen – Protestieren wir richtig im Netz?	null	2013-05-08T10:00:00+02:00	2013-05-08T11:00:00+02:00	60	2013-05-08	Stage 4	politics-society	discussion	beginner	de	Marco Vollmar, Judith Orland, Kathrin Voss, Felix Kolb, Markus Winkler, Annett Meiritz	2014-02-24T19:04:35+01:00
rp13-session-5166	rp13	How Cities can foster innovation with apps and Open Data	null	2013-05-08T13:45:00+02:00	2013-05-08T14:15:00+02:00	30	2013-05-08	Workshop A	business-innovation	workshop	intermediate	en	Katalin Gallyas	2014-02-24T18:44:48+01:00
rp13-session-5189	rp13	The Advent of the dot LAN Era	null	2013-05-06T17:15:00+02:00	2013-05-06T17:45:00+02:00	30	2013-05-06	Global Innovation Lounge	business-innovation	talk	beginner	en	Al Banda	2014-02-24T18:44:48+01:00
rp13-session-5307	rp13	Vom Erklärbär zur Ameisenkönigin – Crowdsourcing, Deliberation und Co im Wissenschaftsjournalismus	null	2013-05-07T10:00:00+02:00	2013-05-07T11:00:00+02:00	60	2013-05-07	Stage 7	media	discussion	intermediate	de	Ralf Grötker, Marco Maas, Nicola Kuhrt, Grit Kienzlen, Patrick Klügel	2014-02-24T19:04:35+01:00
rp13-session-5308	rp13	Goldene Zeiten für Entrepreneurial Science Journalism?	null	2013-05-07T11:15:00+02:00	2013-05-07T12:15:00+02:00	60	2013-05-07	Stage 7	media	discussion	intermediate	de	Ulrike Langer, Dino Trescher, Patrick Klügel, Sebastian Turner	2014-02-24T19:04:35+01:00
rp13-session-5316	rp13	Hacker culture on the road: how to go from the computers and hackerspaces to the streets.	null	2013-05-06T16:30:00+02:00	2013-05-06T17:00:00+02:00	30	2013-05-06	Stage 6	business-innovation	talk	beginner	en	Daniela B. Silva	2014-02-24T18:44:48+01:00
rp13-session-5337	rp13	How radical are Open Access and the Digital Humanities?	null	2013-05-07T13:45:00+02:00	2013-05-07T14:45:00+02:00	60	2013-05-07	Stage 5	research-education	discussion	intermediate	en	Mercedes Bunz, Nishant Shah, David Berry, Cornelius Puschmann	2014-02-24T19:04:35+01:00
rp13-session-5368	rp13	Impact Investing – a New Era of Good-Cause Investors?	null	2013-05-07T11:15:00+02:00	2013-05-07T12:15:00+02:00	60	2013-05-07	Stage 6	business-innovation	discussion	intermediate	en	Mariana Bozesan, Maximilian Martin, Ben White, Andrea Kolb, Ulf Brandes	2014-02-24T18:44:48+01:00
rp13-session-5369	rp13	brand eins	null	2013-05-06T12:00:00+02:00	2013-05-06T12:15:00+02:00	15	2013-05-06	Stage 1	research-education	discussion	beginner	de	Anja Ebersbach	2014-02-24T19:04:35+01:00
rp13-session-5370	rp13	brand eins	null	2013-05-06T14:30:00+02:00	2013-05-06T14:45:00+02:00	15	2013-05-06	Stage 1	research-education	discussion	beginner	de	Wolf Lotter	2014-02-24T19:04:35+01:00
rp13-session-5371	rp13	brand eins	null	2013-05-06T15:45:00+02:00	2013-05-06T16:00:00+02:00	15	2013-05-06	Stage 1	research-education	discussion	beginner	de	Juergen  Erbeldinger	2014-02-24T19:04:35+01:00
rp13-session-5372	rp13	brand eins	null	2013-05-06T17:00:00+02:00	2013-05-06T17:15:00+02:00	15	2013-05-06	Stage 1	research-education	discussion	beginner	de	Gunter Dueck	2014-02-24T19:04:35+01:00
rp13-session-5398	rp13	[cancelled] European Libre Education workshop	null	2013-05-07T18:45:00+02:00	2013-05-07T19:45:00+02:00	60	2013-05-07	Workshop D	research-education	workshop	intermediate	en	Michał Woźniak	2014-02-24T19:04:35+01:00
rp13-session-5415	rp13	BongoHive: The Story	null	2013-05-06T12:45:00+02:00	2013-05-06T13:00:00+02:00	15	2013-05-06	Global Innovation Lounge	business-innovation	talk	beginner	en	Lukonga Lindunda	2014-02-24T18:44:48+01:00
rp13-session-5514	rp13	Community Organizing - lessons from Obama for America 2012	null	2013-05-06T11:15:00+02:00	2013-05-06T11:45:00+02:00	30	2013-05-06	Stage 4	recampaign	talk	beginner	en	Betsy Hoover	2014-02-24T19:04:35+01:00
rp13-session-5515	rp13	Mehr als Clicktivism: Mit strategischen Online-Kampagnen Politik verändern	null	2013-05-06T14:45:00+02:00	2013-05-06T15:45:00+02:00	60	2013-05-06	Workshop A	recampaign	workshop	intermediate	de	Felix Kolb	2014-02-24T19:04:35+01:00
rp13-session-5516	rp13	Im Gespräch mit "Everyday Rebellion" – Über die Macht des gewaltlosen Widerstands	null	2013-05-06T14:45:00+02:00	2013-05-06T15:45:00+02:00	60	2013-05-06	Workshop B	recampaign	discussion	beginner	de	Arash T. Riahi, Arman Riahi	2014-02-24T19:04:35+01:00
rp13-session-5517	rp13	10 Fehler die wir alle machen! – Nonprofits und Social Media Stand 2013	null	2013-05-06T17:15:00+02:00	2013-05-06T18:15:00+02:00	60	2013-05-06	Workshop A	recampaign	workshop	beginner	de	Jona Hölderle	2014-02-24T19:04:35+01:00
rp13-session-5518	rp13	Mach' es zu ihrem Projekt - New Volunteer Management im Campaigning	null	2013-05-06T17:15:00+02:00	2013-05-06T18:15:00+02:00	60	2013-05-06	Workshop B	recampaign	workshop	intermediate	de	Hannes Jähnert	2014-02-24T19:04:35+01:00
rp13-session-5519	rp13	Online nutzen – offline Nutzen. Was wir von US-Kampagnen lernen können	null	2013-05-06T16:00:00+02:00	2013-05-06T17:00:00+02:00	60	2013-05-06	Workshop D	recampaign	talk	beginner	de	Yussi Pick	2014-02-24T19:04:35+01:00
rp13-session-5520	rp13	E-Partizipation für NGOs – Chancen und Risiken online	null	2013-05-06T16:00:00+02:00	2013-05-06T17:00:00+02:00	60	2013-05-06	Workshop A	recampaign	talk	intermediate	de	Kathrin Voss	2014-02-24T19:04:35+01:00
rp13-session-5576	rp13	Systemisch und Souverän durch den digitalen Wandel navigieren	null	2013-05-06T17:15:00+02:00	2013-05-06T18:15:00+02:00	60	2013-05-06	Workshop C	recampaign	workshop	beginner	de	Sybille Klotz, Steffen  Liebener, Michael   Rouba	2014-02-24T19:04:35+01:00
rp13-session-5577	rp13	Von Social Media Management zu Social CRM	null	2013-05-06T16:00:00+02:00	2013-05-06T17:00:00+02:00	60	2013-05-06	Workshop C	recampaign	talk	intermediate	de	Fabian Schuttenberg	2014-02-24T19:04:35+01:00
rp13-session-5578	rp13	Open Transfer-Strategien – Chancen und Herausforderungen für Kampagnen-Organisationen	null	2013-05-06T14:45:00+02:00	2013-05-06T15:45:00+02:00	60	2013-05-06	Workshop D	recampaign	talk	beginner	de	Katarina Peranić, Henrik Flor	2014-02-24T19:04:35+01:00
rp13-session-5594	rp13	Opening Public Transport in Berlin	null	2013-05-06T13:30:00+02:00	2013-05-06T14:00:00+02:00	30	2013-05-06	Stage 3	science-technology	discussion	beginner	en	Wolfgang Both, Julia Kloiber, Alexander Pilz, Yan Minagawa	2014-02-24T19:04:35+01:00
rp13-session-5595	rp13	21st Century Skills - Keynote + Panel	null	2013-05-08T10:00:00+02:00	2013-05-08T11:00:00+02:00	60	2013-05-08	Stage 1	research-education	discussion	beginner	de	Andreas Schleicher, Michel Schröder, Kevin Heidenreich, Ilona Bernsdorf, Tanja Haeusler	2014-02-24T19:04:35+01:00
rp13-session-5597	rp13	Cybersexism	null	2013-05-06T15:15:00+02:00	2013-05-06T15:45:00+02:00	30	2013-05-06	Stage 1	politics-society	talk	intermediate	en	Laurie Penny	2014-02-24T19:04:35+01:00
rp13-session-5614	rp13	Digitale Nachhilfe für Azubis und Meister  &  Nachwuchsförderung in der IT-Branche	null	2013-05-08T13:00:00+02:00	2013-05-08T13:30:00+02:00	30	2013-05-08	Stage 6	research-education	talk	intermediate	de	Kevin Heidenreich, Dirk Primbs	2014-02-24T19:04:35+01:00
rp13-session-5615	rp13	x-learning. Warum die Digitale Revolution des Lernens gescheitert ist.	null	2013-05-08T11:45:00+02:00	2013-05-08T12:15:00+02:00	30	2013-05-08	Stage 6	research-education	talk	beginner	de	Jöran Muuß-Merholz	2014-02-24T19:04:35+01:00
rp13-session-5617	rp13	Telefonica – Mobilfunk Inside Out	null	2013-05-08T11:15:00+02:00	2013-05-08T12:15:00+02:00	60	2013-05-08	Stage 7	business-innovation	talk	beginner	de	Tina  Hoffmann, Andreas  Thies	2014-02-24T18:44:48+01:00
rp13-session-5668	rp13	iHub - Lessons from the Trenches	null	2013-05-06T14:45:00+02:00	2013-05-06T15:15:00+02:00	30	2013-05-06	Global Innovation Lounge	business-innovation	talk	beginner	en	Rachel Gichinga 	2014-02-24T18:44:48+01:00
rp13-session-5669	rp13	Space Science as a creative commons?	null	2013-05-07T18:45:00+02:00	2013-05-07T19:45:00+02:00	60	2013-05-07	Workshop A	science-technology	discussion	intermediate	en	Marco Trovatello	2014-02-24T19:04:35+01:00
rp13-session-5702	rp13	Bottom-up & open: Was könnnen Kampagnen von innovativem Bürger-Journalismus lernen?	null	2013-05-06T18:30:00+02:00	2013-05-06T19:30:00+02:00	60	2013-05-06	Workshop C	recampaign	discussion	beginner	en	Keiko Tanaka, Stefan  Candea, Markus Hametner, Krystian  Woznicki	2014-02-24T19:04:35+01:00
rp13-session-5704	rp13	You Can Turn Off the Public Internet But You Can't Turn Off the Internet Public	null	2013-05-07T12:30:00+02:00	2013-05-07T13:30:00+02:00	60	2013-05-07	Stage 1	politics-society	talk	beginner	en	Andrew Rasiej	2014-02-24T19:04:35+01:00
rp13-session-5705	rp13	Life with extra Senses - How to become a Cyborg.	null	2013-05-07T15:00:00+02:00	2013-05-07T16:00:00+02:00	60	2013-05-07	Stage 1	culture	talk	intermediate	en	Neil Harbisson, Moon Ribas	2014-02-24T19:04:35+01:00
rp13-session-5706	rp13	(h)activating OPEN ICT4D	null	2013-05-07T16:15:00+02:00	2013-05-07T17:15:00+02:00	60	2013-05-07	Global Innovation Lounge	politics-society	talk	beginner	en	Irene Agrivina, Lagu Stephen Samuel, Felipe Fonseca, Anne Roth, Eugenio Tisselli, Stephen Kovats	2014-02-24T19:04:35+01:00
rp13-session-5722	rp13	10 tips to grow your Positive Entrepreneurial Energy	null	2013-05-07T10:30:00+02:00	2013-05-07T11:00:00+02:00	30	2013-05-07	Stage 6	business-innovation	talk	beginner	en	Catherine Barba	2014-02-24T18:44:48+01:00
rp13-session-5849	rp13	Das Blatt und das Netz. Überlegungen zu einer Medientheorie des Papiers	null	2013-05-08T13:00:00+02:00	2013-05-08T13:30:00+02:00	30	2013-05-08	Stage 1	media	talk	intermediate	de	Lothar Müller	2014-02-24T19:04:35+01:00
rp13-session-5866	rp13	YouTube macht die Stars von heute	null	2013-05-06T16:00:00+02:00	2013-05-06T17:00:00+02:00	60	2013-05-06	Stage 2	media	discussion	beginner	de	 LeFloid, Simon W.[ungespielt], Christoph  Krachten, Hannes Jakobsen, Johnny Haeusler, Amy Herzstark	2014-02-24T19:04:35+01:00
rp13-session-5869	rp13	Speech at scale	null	2013-05-06T16:30:00+02:00	2013-05-06T17:00:00+02:00	30	2013-05-06	Stage 1	politics-society	discussion	intermediate	en	Richard Allan, Ulf Buermeyer	2014-02-24T19:04:35+01:00
rp13-session-5908	rp13	Boosting Creative Entrepreneurship in NYC, Berlin and Amsterdam	null	2013-05-06T17:15:00+02:00	2013-05-06T18:15:00+02:00	60	2013-05-06	Stage 6	business-innovation	action	advanced	en	Ele Jansen, Jörgen van der Sloot	2014-02-24T18:44:48+01:00
rp13-session-5929	rp13	Take a ride on the Cyberpunk Express train	null	2013-05-08T11:15:00+02:00	2013-05-08T12:15:00+02:00	60	2013-05-08	Stage 1	science-technology	talk	beginner	en	Keren Elazari	2014-02-24T19:04:35+01:00
rp13-session-5946	rp13	Finanzblogs: Intellektuelle Elite oder verständliches Massenmedium?	null	2013-05-06T16:00:00+02:00	2013-05-06T17:00:00+02:00	60	2013-05-06	Stage 5	business-innovation	discussion	intermediate	de	Thomas Knüwer, Franziska Bluhm, Ulrich Hegge, Dirk Elsner, Jeannine Michaelsen	2014-02-24T18:44:48+01:00
rp13-session-5947	rp13	Challenges and prospects of ICT in a post-conflict state	null	2013-05-06T15:15:00+02:00	2013-05-06T15:45:00+02:00	30	2013-05-06	Global Innovation Lounge	politics-society	talk	beginner	en	Teemu Ropponen	2014-02-24T19:04:35+01:00
rp13-session-5948	rp13	Gravity sucks. Open Source Communities Empower and Lift off.	null	2013-05-08T14:15:00+02:00	2013-05-08T14:45:00+02:00	30	2013-05-08	Global Innovation Lounge	politics-society	talk	beginner	en	Joeri Poesen	2014-02-24T19:04:35+01:00
rp13-session-5949	rp13	Introducing: Habaka Madagascar Innovation Hub	null	2013-05-06T12:30:00+02:00	2013-05-06T12:45:00+02:00	15	2013-05-06	Global Innovation Lounge	business-innovation	talk	beginner	en	Andriankoto Harinjaka Ratozamanana	2014-02-24T18:44:48+01:00
rp13-session-5965	rp13	Ceci n'est pas un MOOC. How to build awesome, open, dirt-cheap online courses	null	2013-05-08T15:30:00+02:00	2013-05-08T16:00:00+02:00	30	2013-05-08	Stage 2	research-education	talk	intermediate	en	Jan Philipp Schmidt	2014-02-24T19:04:35+01:00
rp13-session-5966	rp13	Stop! Hackertime!	null	2013-05-06T16:00:00+02:00	2013-05-06T16:30:00+02:00	30	2013-05-06	Global Innovation Lounge	business-innovation	talk	beginner	en	Jay Cousins	2014-02-24T18:44:48+01:00
rp13-session-5967	rp13	KINU - An Experiment in the Evolution of a Tanzanian Tech Hub	null	2013-05-08T13:45:00+02:00	2013-05-08T14:15:00+02:00	30	2013-05-08	Global Innovation Lounge	business-innovation	talk	beginner	en	Johnpaul Barretto	2014-02-24T18:44:48+01:00
rp13-session-5968	rp13	Recycling Road Show	null	2013-05-07T13:45:00+02:00	2013-05-07T14:00:00+02:00	15	2013-05-07	Global Innovation Lounge	culture	action	beginner	en	Jay Cousins	2014-02-24T19:04:35+01:00
rp13-session-5969	rp13	Hackidemia - changing the world through play	null	2013-05-07T14:15:00+02:00	2013-05-07T14:30:00+02:00	15	2013-05-07	Global Innovation Lounge	science-technology	action	beginner	en	Jay Cousins, Stefania Druga	2014-02-24T19:04:35+01:00
rp13-session-5970	rp13	Opening Global Innovation Lounge	null	2013-05-06T12:15:00+02:00	2013-05-06T12:45:00+02:00	30	2013-05-06	Global Innovation Lounge	politics-society	talk	beginner	en	Tayo Akinyemi, William Zimmerman, Selin  Carrasco Vargas, Sam Gichuru, Rene Parker, Wole Odetayo, Adetunji Eleso, Michael Szymanski	2014-02-24T19:04:35+01:00
rp13-session-6018	rp13	Networking Experimental Labs - a Brazilian Experience	null	2013-05-07T15:00:00+02:00	2013-05-07T15:30:00+02:00	30	2013-05-07	Global Innovation Lounge	research-education	talk	beginner	en	Felipe Fonseca	2014-02-24T19:04:35+01:00
rp13-session-6019	rp13	Political Advocacy and the Internet	null	2013-05-06T12:15:00+02:00	2013-05-06T12:45:00+02:00	30	2013-05-06	Stage 4	recampaign	talk	beginner	en	Ben Scott	2014-02-24T19:04:35+01:00
rp13-session-6039	rp13	Making-of R´ha	null	2013-05-06T18:00:00+02:00	2013-05-06T18:30:00+02:00	30	2013-05-06	Stage 1	culture	action	beginner	de	Kaleb Lechowski, Ingke Weimert	2014-02-24T19:04:35+01:00
rp13-session-6040	rp13	Die Vermessung der Social Media-Welt: Multiplikatoren im Netz, ihre Themen und Resonanz im Bundestagswahlkampf.	null	2013-05-08T12:30:00+02:00	2013-05-08T13:00:00+02:00	30	2013-05-08	Stage 7	media	talk	intermediate	de	Christian  Rapp, Christoph Neuberger	2014-02-24T19:04:35+01:00
rp13-session-6059	rp13	Netzpolitischer Nachmittag: IN/SIDE/OUT #digiges	null	2013-05-07T17:30:00+02:00	2013-05-07T18:30:00+02:00	60	2013-05-07	Stage 2	politics-society	talk	beginner	de	Linnea Riensberg, Lavinia Steiner, Ulf Buermeyer, Leonhard Dobusch	2014-02-24T19:04:35+01:00
rp13-session-6124	rp13	theBobberyCast at re:publica	null	2013-05-08T11:15:00+02:00	2013-05-08T12:15:00+02:00	60	2013-05-08	Global Innovation Lounge	business-innovation	talk	beginner	en	Jay Fajardo	2014-02-24T18:44:48+01:00
rp13-session-6125	rp13	Blog Forever	null	2013-05-06T19:15:00+02:00	2013-05-06T19:30:00+02:00	15	2013-05-06	Stage 7	science-technology	talk	beginner	en	Hendrik Kalb	2014-02-24T19:04:35+01:00
rp13-session-6126	rp13	Mobilisieren mit dem neuen Nonprofit-Programm von Youtube	null	2013-05-06T16:00:00+02:00	2013-05-06T17:00:00+02:00	60	2013-05-06	Workshop B	recampaign	talk	beginner	de	Sabine Frank	2014-02-24T19:04:35+01:00
rp13-session-6127	rp13	Mobil-isierung: NGO-Strategien für das Handy	null	2013-05-06T17:15:00+02:00	2013-05-06T18:15:00+02:00	60	2013-05-06	Workshop D	recampaign	talk	beginner	de	Josh Miles	2014-02-24T19:04:35+01:00
rp13-session-6128	rp13	Stimmt das? Check mit dem ZDF die Fakten im Wahlkampf	null	2013-05-06T16:00:00+02:00	2013-05-06T17:00:00+02:00	60	2013-05-06	Stage 3	media	workshop	beginner	de	Sonja Schünemann, Michael Umlandt, Barbara Fischer	2014-02-24T19:04:35+01:00
rp13-session-6145	rp13	Internet Geographies: Data Shadows and Digital Divisions of Labour	null	2013-05-06T19:00:00+02:00	2013-05-06T19:30:00+02:00	30	2013-05-06	Stage 2	media	talk	beginner	en	Mark Graham	2014-02-24T19:04:35+01:00
rp13-session-6146	rp13	Die Geschichte des Computers	null	2013-05-06T13:30:00+02:00	2013-05-06T14:00:00+02:00	30	2013-05-06	Stage 2	science-technology	talk	beginner	de	Horst Zuse, Katharina Meyer	2014-02-24T19:04:35+01:00
rp13-session-6169	rp13	Hell Yeah, it's Rocket Science! - pushing private space exploration with 30 Million US Dollars	null	2013-05-07T17:30:00+02:00	2013-05-07T18:30:00+02:00	60	2013-05-07	Stage 5	science-technology	discussion	beginner	en	Karsten Becker, Robert Böhme	2014-02-24T19:04:35+01:00
rp13-session-6171	rp13	Interactive Cologne	null	2013-05-07T17:30:00+02:00	2013-05-07T18:30:00+02:00	60	2013-05-07	Stage 3	culture	talk	intermediate	en	Joachim Vranken	2014-02-24T19:04:35+01:00
rp13-session-6182	rp13	Wie Fernsehen und Online zusammenwachsen: die SWR-Projekte “Zeit der Helden” und “Tatort+ 2013”	null	2013-05-07T17:30:00+02:00	2013-05-07T18:30:00+02:00	60	2013-05-07	Stage 7	media	discussion	beginner	de	Guido Bülow, Bettina Fächer, Alexander Maximilian Otto Serrano, Jürgen Ebenau	2014-02-24T19:04:35+01:00
rp13-session-6183	rp13	Why a charitable foundation supports tech hubs in Africa and the fantastic social projects coming out of them	null	2013-05-07T11:15:00+02:00	2013-05-07T11:45:00+02:00	30	2013-05-07	Global Innovation Lounge	business-innovation	talk	beginner	en	Loren Treisman	2014-02-24T18:44:48+01:00
rp13-session-6184	rp13	AfricaHackTrip – Exploring African Tech Communities	null	2013-05-06T13:30:00+02:00	2013-05-06T13:45:00+02:00	15	2013-05-06	Global Innovation Lounge	science-technology	talk	beginner	en	Victoria Wenzelmann	2014-02-24T19:04:35+01:00
rp13-session-6200	rp13	Makers Go Pro	null	2013-05-08T15:00:00+02:00	2013-05-08T16:00:00+02:00	60	2013-05-08	Global Innovation Lounge	business-innovation	talk	beginner	en	Erik Hersman, James Clardy	2014-02-24T18:44:48+01:00
rp13-session-6205	rp13	Eröffnung & Barcamp Session-Planung	null	2013-05-07T10:00:00+02:00	2013-05-07T11:00:00+02:00	60	2013-05-07	Workshop A	recampaign	action	beginner	en		2014-02-24T19:04:35+01:00
rp13-session-6206	rp13	Why innovation, collaboration and entrepreneurship matters? Experiences in Green Technology Innovation from Ethiopia	null	2013-05-06T17:45:00+02:00	2013-05-06T18:15:00+02:00	30	2013-05-06	Global Innovation Lounge	politics-society	talk	beginner	en	Markos Lemma, Oliver Petzoldt	2014-02-24T19:04:35+01:00
rp13-session-6207	rp13	A1	null	2013-05-07T11:15:00+02:00	2013-05-07T12:15:00+02:00	60	2013-05-07	Workshop A	recampaign	talk	beginner	en		2014-02-24T19:04:35+01:00
rp13-session-6208	rp13	B1	null	2013-05-07T11:15:00+02:00	2013-05-07T12:15:00+02:00	60	2013-05-07	Workshop B	recampaign	talk	beginner	de		2014-02-24T19:04:35+01:00
rp13-session-6209	rp13	C1	null	2013-05-07T11:15:00+02:00	2013-05-07T12:15:00+02:00	60	2013-05-07	Workshop C	recampaign	talk	beginner	de		2014-02-24T19:04:35+01:00
rp13-session-6210	rp13	D1	null	2013-05-07T11:15:00+02:00	2013-05-07T12:15:00+02:00	60	2013-05-07	Workshop D	recampaign	talk	beginner	de		2014-02-24T19:04:35+01:00
rp13-session-6211	rp13	Neues Berufsbild (Online-) Campaigner/in	null	2013-05-06T18:30:00+02:00	2013-05-06T19:30:00+02:00	60	2013-05-06	Workshop A	recampaign	discussion	beginner	de		2014-02-24T19:04:35+01:00
rp13-session-6212	rp13	A2	null	2013-05-07T12:30:00+02:00	2013-05-07T13:30:00+02:00	60	2013-05-07	Workshop A	recampaign	talk	beginner	de		2014-02-24T19:04:35+01:00
rp13-session-6214	rp13	B2	null	2013-05-07T12:30:00+02:00	2013-05-07T13:30:00+02:00	60	2013-05-07	Workshop B	recampaign	talk	beginner	de		2014-02-24T19:04:35+01:00
rp13-session-6230	rp13	C2	null	2013-05-07T12:30:00+02:00	2013-05-07T13:30:00+02:00	60	2013-05-07	Workshop C	recampaign	talk	beginner	de		2014-02-24T19:04:35+01:00
rp13-session-6231	rp13	D2	null	2013-05-07T12:30:00+02:00	2013-05-07T13:30:00+02:00	60	2013-05-07	Workshop D	recampaign	talk	beginner	de		2014-02-24T19:04:35+01:00
rp13-session-6232	rp13	A3	null	2013-05-07T13:45:00+02:00	2013-05-07T14:45:00+02:00	60	2013-05-07	Workshop A	recampaign	talk	beginner	de		2014-02-24T19:04:35+01:00
rp13-session-6233	rp13	B3	null	2013-05-07T13:45:00+02:00	2013-05-07T14:45:00+02:00	60	2013-05-07	Workshop B	recampaign	talk	beginner	de		2014-02-24T19:04:35+01:00
rp13-session-6234	rp13	C3	null	2013-05-07T13:45:00+02:00	2013-05-07T14:45:00+02:00	60	2013-05-07	Workshop C	recampaign	talk	beginner	de		2014-02-24T19:04:35+01:00
rp13-session-6235	rp13	D3	null	2013-05-07T13:45:00+02:00	2013-05-07T14:45:00+02:00	60	2013-05-07	Workshop D	recampaign	talk	beginner	de		2014-02-24T19:04:35+01:00
rp13-session-6236	rp13	A4	null	2013-05-07T15:00:00+02:00	2013-05-07T16:00:00+02:00	60	2013-05-07	Workshop A	recampaign	talk	beginner	de		2014-02-24T19:04:35+01:00
rp13-session-6237	rp13	B4	null	2013-05-07T15:00:00+02:00	2013-05-07T16:00:00+02:00	60	2013-05-07	Workshop B	recampaign	talk	beginner	de		2014-02-24T19:04:35+01:00
rp13-session-6238	rp13	C4	null	2013-05-07T15:00:00+02:00	2013-05-07T16:00:00+02:00	60	2013-05-07	Workshop C	recampaign	talk	beginner	de		2014-02-24T19:04:35+01:00
rp13-session-6239	rp13	D4	null	2013-05-07T15:00:00+02:00	2013-05-07T16:00:00+02:00	60	2013-05-07	Workshop D	recampaign	talk	beginner	de		2014-02-24T19:04:35+01:00
rp13-session-6240	rp13	Best Practice: Medienkompetenz re:learned	null	2013-05-08T14:15:00+02:00	2013-05-08T14:45:00+02:00	30	2013-05-08	Stage 6	research-education	talk	beginner	de	Angelika Beranek, Andrea Scheer, Guido Brombach, Beate Kremser, Elias Barrasch	2014-02-24T19:04:35+01:00
rp13-session-6242	rp13	Mehrwert oder Barriere – Wie lassen sich mobile Endgeräte für alle zugänglich machen und wo entsteht Innovation?	null	2013-05-06T12:30:00+02:00	2013-05-06T13:30:00+02:00	60	2013-05-06	Stage 5	business-innovation	discussion	beginner	de	Silke Horn, Raul Krauthausen, Barbara  Wolterstädt, Tina Gadow	2014-02-24T18:44:48+01:00
rp13-session-6243	rp13	Innovationsbeschleuniger gesucht! – Wie wär‘s mit Barrierefreiheit?	null	2013-05-06T12:00:00+02:00	2013-05-06T12:30:00+02:00	30	2013-05-06	Stage 5	business-innovation	talk	beginner	de	Tomas Caspers	2014-02-24T18:44:48+01:00
rp13-session-6282	rp13	Vernetzte Mobilität - Erobert das Digitale die analogen Welten?	null	2013-05-07T15:00:00+02:00	2013-05-07T16:00:00+02:00	60	2013-05-07	Stage 7	science-technology	discussion	beginner	de	Alexander Mankowsky	2014-02-24T19:04:35+01:00
rp13-session-6381	rp13	China, India, Bangladesh, we’re looking at you: Blogging and tweeting in Asia	null	2013-05-08T11:15:00+02:00	2013-05-08T12:15:00+02:00	60	2013-05-08	Stage 2	media	discussion	intermediate	en	Ravish Kumar, Hu Yong, Shahidul Alam	2014-02-24T19:04:35+01:00
rp13-session-6382	rp13	The Bobs’ Six Winners	null	2013-05-07T17:30:00+02:00	2013-05-07T18:30:00+02:00	60	2013-05-07	Stage 1	media	talk	beginner	en	Yoani Sánchez	2014-02-24T19:04:35+01:00
rp13-session-6398	rp13	Ihr wollt also wissen, was #aufschrei gebracht hat?	null	2013-05-08T16:15:00+02:00	2013-05-08T17:15:00+02:00	60	2013-05-08	Stage 1	politics-society	talk	beginner	de	Anne Wizorek	2014-02-24T19:04:35+01:00
rp13-session-6400	rp13	Beyond lifestyle businesses - Creating world class software companies from Africa that compete globally.	null	2013-05-07T11:45:00+02:00	2013-05-07T12:15:00+02:00	30	2013-05-07	Global Innovation Lounge	business-innovation	talk	beginner	en	Michael Szymanski	2014-02-24T18:44:48+01:00
rp13-session-6401	rp13	Nodes and tools for collaboration - Documenting the Maker Movement	null	2013-05-06T14:00:00+02:00	2013-05-06T14:30:00+02:00	30	2013-05-06	Global Innovation Lounge	business-innovation	talk	beginner	en	Simon Höher	2014-02-24T18:44:48+01:00
rp13-session-6402	rp13	TEN CITIES Project: Clubculture IN/SIDE/OUT	null	2013-05-06T19:45:00+02:00	2013-05-06T20:45:00+02:00	60	2013-05-06	Stage 4	culture	discussion	beginner	en	Florian Sievers, Pedro Coquenão, Joyce Nyairo	2014-02-24T19:04:35+01:00
rp13-session-6403	rp13	Interactive Landscapes	null	2013-05-07T16:15:00+02:00	2013-05-07T17:15:00+02:00	60	2013-05-07	Stage 2	science-technology	talk	beginner	en	lidi brouwer	2014-02-24T19:04:35+01:00
rp13-session-6422	rp13	get re:ady to start: start-up pitches (3)	null	2013-05-07T13:45:00+02:00	2013-05-07T14:45:00+02:00	60	2013-05-07	Stage 6	business-innovation	talk	beginner	en	Katja Andes, Robert Koecke, Holger Seim, Maciek Laskus, Catherine Barba, Bettina Stengel, Peter Borchers, Florian Hofmann	2014-02-24T18:44:48+01:00
rp13-session-6423	rp13	get re:ady to start: start-up pitches (1)	null	2013-05-06T13:30:00+02:00	2013-05-06T14:30:00+02:00	60	2013-05-06	Stage 6	business-innovation	talk	beginner	en	Andreas Gebhard, Maciek Laskus, Boris Borchert	2014-02-24T18:44:48+01:00
rp13-session-6424	rp13	Iceland could have been innovative: Participatory democracy.	null	2013-05-06T13:30:00+02:00	2013-05-06T14:30:00+02:00	60	2013-05-06	Stage 1	politics-society	talk	beginner	en	Birgitta Jónsdóttir	2014-02-24T19:04:35+01:00
rp13-session-6425	rp13	Blogging Cuba	null	2013-05-06T12:15:00+02:00	2013-05-06T13:15:00+02:00	60	2013-05-06	Stage 2	politics-society	talk	beginner	en	Yoani Sánchez	2014-02-24T19:04:35+01:00
rp13-session-6426	rp13	Content Strategy für NGOs – Webinhalte erst strategisch planen, dann publizieren	null	2013-05-06T14:45:00+02:00	2013-05-06T15:45:00+02:00	60	2013-05-06	Workshop C	recampaign	workshop	beginner	de	Brigitte Alice Radl	2014-02-24T19:04:35+01:00
rp13-session-6427	rp13	Unser Blog soll schöner werden	null	2013-05-07T11:15:00+02:00	2013-05-07T12:15:00+02:00	60	2013-05-07	Stage 2	media	talk	beginner	de	Markus Beckedahl	2014-02-24T19:04:35+01:00
rp13-session-6428	rp13	LobbyPlag	null	2013-05-07T13:45:00+02:00	2013-05-07T14:45:00+02:00	60	2013-05-07	Stage 4	politics-society	talk	beginner	de	Marco Maas	2014-02-24T19:04:35+01:00
rp13-session-6431	rp13	THE NEW//AFRICA	null	2013-05-07T15:00:00+02:00	2013-05-07T16:00:00+02:00	60	2013-05-07	Stage 3	media	discussion	beginner	en	Beate Wedekind, Preethi Mariappan, Julian Tadesse	2014-02-24T19:04:35+01:00
rp13-session-6432	rp13	Global Internet Infrastructure - Shaping the world through neutral exchanges	null	2013-05-07T12:30:00+02:00	2013-05-07T13:30:00+02:00	60	2013-05-07	Stage 4	science-technology	discussion	intermediate	en	Wael  Fakharany, Jillian York, Klaus Landefeld, Moez Chakchouk, Ben Wagner	2014-02-24T19:04:35+01:00
rp13-session-6433	rp13	Afrinnovator - Startups in Africa: Appreciating country dynamics	null	2013-05-07T12:30:00+02:00	2013-05-07T13:30:00+02:00	60	2013-05-07	Stage 6	business-innovation	talk	beginner	en	Will Mutua, Mark Kaigwa	2014-02-24T18:44:48+01:00
rp13-session-6434	rp13	Color Concert & Waiting for Earthquakes	null	2013-05-07T18:45:00+02:00	2013-05-07T19:45:00+02:00	60	2013-05-07	Stage 2	republica	talk	beginner	en	Moon Ribas, Neil Harbisson	2014-02-24T19:04:35+01:00
rp13-session-6435	rp13	Zukunft der Gesundheitsversorgung: Internetmedizin in Deutschland	null	2013-05-07T15:00:00+02:00	2013-05-07T16:00:00+02:00	60	2013-05-07	Stage 6	business-innovation	discussion	beginner	de	Miriam  Quentin, Tobias Neisecke, Markus Müschenich, Sebastian Vorberg 	2014-02-24T18:44:48+01:00
rp13-session-6436	rp13	Say 'Digital Humanities' One More Time: Technology, affect and learning in emerging information societies	null	2013-05-07T16:15:00+02:00	2013-05-07T17:15:00+02:00	60	2013-05-07	Stage 6	research-education	workshop	intermediate	en	Nishant Shah	2014-02-24T19:04:35+01:00
rp13-session-6437	rp13	Spannender Abschluss & Gemütlicher Ausklang	null	2013-05-07T16:15:00+02:00	2013-05-07T17:15:00+02:00	60	2013-05-07	Workshop A	recampaign	action	beginner	de		2014-02-24T19:04:35+01:00
rp13-session-6439	rp13	The Open Innovation Ecosystem	null	2013-05-08T11:15:00+02:00	2013-05-08T11:45:00+02:00	30	2013-05-08	Stage 4	business-innovation	talk	beginner	en	Esteve Almirall	2014-02-24T18:44:48+01:00
rp13-session-6448	rp13	Autonomous web apps with Sockethub	null	2013-05-08T13:00:00+02:00	2013-05-08T13:30:00+02:00	30	2013-05-08	Stage 4	science-technology	talk	beginner	en	Nick Jennings	2014-02-24T19:04:35+01:00
rp13-session-6452	rp13	Me & My Shadow	null	2013-05-08T13:45:00+02:00	2013-05-08T14:45:00+02:00	60	2013-05-08	Workshop C	politics-society	workshop	beginner	en	Anne Roth, Stephanie Hankey	2014-02-24T19:04:35+01:00
rp13-session-6453	rp13	Europe vs. Facebook	null	2013-05-08T11:45:00+02:00	2013-05-08T12:15:00+02:00	30	2013-05-08	Workshop D	politics-society	workshop	beginner	de	Max Schrems	2014-02-24T19:04:35+01:00
rp13-session-6481	rp13	Verabschiedung	null	2013-05-08T18:00:00+02:00	2013-05-08T18:30:00+02:00	30	2013-05-08	Stage 1	republica	talk	beginner	de	Johnny Haeusler, Tanja Haeusler, Markus Beckedahl, Andreas Gebhard	2014-02-24T19:04:35+01:00
rp13-session-6527	rp13	How to Digital Native: Medienkompetenz auf dem Lehrplan	null	2013-05-08T12:30:00+02:00	2013-05-08T13:00:00+02:00	30	2013-05-08	Stage 6	research-education	talk	beginner	de	Ute Pannen, Michel Schröder	2014-02-24T19:04:35+01:00
rp13-session-6624	rp13	Silicon Paddy - The South East Asian Tech Startup Scene	null	2013-05-06T16:00:00+02:00	2013-05-06T16:30:00+02:00	30	2013-05-06	Stage 6	business-innovation	talk	beginner	en	Jay Fajardo	2014-02-24T18:44:48+01:00
rp13-session-6626	rp13	The Outernet – A revolution, in reality	null	2013-05-08T13:45:00+02:00	2013-05-08T14:45:00+02:00	60	2013-05-08	Stage 5	business-innovation	talk	beginner	en	Jay Cousins, Adam Molyneux-Berry, Wael  Fakharany	2014-02-24T18:44:48+01:00
rp13-session-7096	rp13	Fueling your app with dynamic Open Data	null	2013-05-08T12:30:00+02:00	2013-05-08T13:30:00+02:00	60	2013-05-08	Workshop A	business-innovation	workshop	advanced	en	Sergi Martinez	2014-02-24T18:44:48+01:00
rp13-session-7097	rp13	New Approaches to Usability Engineering for Mobiles through Tech-hubs?	null	2013-05-07T12:30:00+02:00	2013-05-07T13:30:00+02:00	60	2013-05-07	Global Innovation Lounge	science-technology	discussion	beginner	en	Oliver Petzoldt, Katrin Proschek, Jörn Schultz, Markos Lemma	2014-02-24T19:04:35+01:00
rp13-session-7098	rp13	GIZ: Global Knowledge Sharing and Collaboration	null	2013-05-08T10:00:00+02:00	2013-05-08T11:00:00+02:00	60	2013-05-08	Global Innovation Lounge	science-technology	talk	beginner	en		2014-02-24T19:04:35+01:00
rp13-session-7099	rp13	Stop! Hackertime!	null	2013-05-07T17:30:00+02:00	2013-05-07T18:30:00+02:00	60	2013-05-07	Global Innovation Lounge	science-technology	workshop	beginner	en	Jay Cousins	2014-02-24T19:04:35+01:00
rp13-session-7100	rp13	Stop! Hackertime!	null	2013-05-08T16:15:00+02:00	2013-05-08T17:15:00+02:00	60	2013-05-08	Global Innovation Lounge	science-technology	workshop	beginner	en	Jay Cousins	2014-02-24T19:04:35+01:00
rp13-session-7131	rp13	What Would Harry Do?	null	2013-05-06T11:00:00+02:00	2013-05-06T11:30:00+02:00	30	2013-05-06	Newthinking	business-innovation	action	beginner	de	Harry Do	2014-02-24T18:44:48+01:00
rp13-session-7132	rp13	Good Will - Crowd  Donations mal Anders	null	2013-05-06T15:00:00+02:00	2013-05-06T16:00:00+02:00	60	2013-05-06	Newthinking	business-innovation	workshop	beginner	de	Maximilian Martin	2014-02-24T18:44:48+01:00
rp13-session-7133	rp13	blognetz.com - Visualisierung der deutschsprachigen Blogger_innen	null	2013-05-06T16:00:00+02:00	2013-05-06T17:00:00+02:00	60	2013-05-06	Newthinking	media	discussion	beginner	de	Luca Hammer	2014-02-24T19:04:35+01:00
rp13-session-7134	rp13	Stadt Land <Code>	null	2013-05-08T11:15:00+02:00	2013-05-08T12:15:00+02:00	60	2013-05-08	Newthinking	science-technology	talk	beginner	de	Julia Kloiber	2014-02-24T19:04:35+01:00
rp13-session-7135	rp13	Frismakers  & How to present your project  in 300 seconds	null	2013-05-08T12:30:00+02:00	2013-05-08T13:00:00+02:00	30	2013-05-08	Newthinking	business-innovation	workshop	beginner	en	newthinking  	2014-02-24T18:44:48+01:00
rp13-session-7137	rp13	[ws]labs ‘creative entrepreneurship’	null	2013-05-07T11:15:00+02:00	2013-05-07T12:15:00+02:00	60	2013-05-07	Newthinking	research-education	talk	beginner	de	Ele Jansen	2014-02-24T19:04:35+01:00
rp13-session-7138	rp13	Stoos Network	null	2013-05-07T12:30:00+02:00	2013-05-07T13:00:00+02:00	30	2013-05-07	Newthinking	business-innovation	discussion	beginner	en	newthinking  	2014-02-24T18:44:48+01:00
rp13-session-7139	rp13	Torstraßen Festival 2013	null	2013-05-08T15:00:00+02:00	2013-05-08T15:30:00+02:00	30	2013-05-08	Newthinking	culture	talk	beginner	de	newthinking  	2014-02-24T19:04:35+01:00
rp13-session-7238	rp13	Sport Meetup	null	2013-05-08T16:45:00+02:00	2013-05-08T17:15:00+02:00	30	2013-05-08	Newthinking	culture	discussion	beginner	de	newthinking  	2014-02-24T19:04:35+01:00
rp13-session-7256	rp13	netzpolitik.org	null	2013-05-06T17:00:00+02:00	2013-05-06T17:30:00+02:00	30	2013-05-06	Newthinking	politics-society	talk	beginner	de	newthinking  	2014-02-24T19:04:35+01:00
rp13-session-7257	rp13	Introducing: HiveColab	null	2013-05-06T13:00:00+02:00	2013-05-06T13:15:00+02:00	15	2013-05-06	Global Innovation Lounge	business-innovation	talk	beginner	en	Brian Ndyaguma	2014-02-24T18:44:48+01:00
rp13-session-7258	rp13	Business Immigration Service - let’s start your business in Berlin	null	2013-05-07T15:00:00+02:00	2013-05-07T16:00:00+02:00	60	2013-05-07	Newthinking	business-innovation	talk	beginner	de	newthinking  	2014-02-24T18:44:48+01:00
rp13-session-7416	rp13	Why Open Source ERP is Both Possible and Awesome (in the Real World)	null	2013-05-07T13:45:00+02:00	2013-05-07T14:45:00+02:00	60	2013-05-07	Newthinking	science-technology	talk	beginner	en	newthinking  	2014-02-24T19:04:35+01:00
rp13-session-7464	rp13	Citizen Desk: Rewarding Reporting	null	2013-05-07T10:30:00+02:00	2013-05-07T11:00:00+02:00	30	2013-05-07	Global Innovation Lounge	business-innovation	talk	beginner	en	Adam Thomas	2014-02-24T18:44:48+01:00
rp13-session-7529	rp13	Expand your SEO to the next level	null	2013-05-06T14:00:00+02:00	2013-05-06T14:30:00+02:00	30	2013-05-06	Newthinking	business-innovation	talk	beginner	en	Stav Zilbershtein, Guy Bachar	2014-02-24T18:44:48+01:00
rp13-session-774	rp13	Lernen Lernen lernen im persönlichen Lernnetzwerk. Wie im digitalen Zeitalter eigensinnig und gemeinsam gelernt wird.	null	2013-05-08T11:15:00+02:00	2013-05-08T11:45:00+02:00	30	2013-05-08	Stage 6	research-education	talk	intermediate	de	Lisa Rosa	2014-02-24T19:04:35+01:00
rp13-session-7964	rp13	#party – Snake'n'Tiger (Friedrich Scherlebeck) @ re:fill-Bar	null	2013-05-06T20:00:00+02:00	2013-05-06T21:00:00+02:00	60	2013-05-06	re:publica	republica	action	beginner	en		2014-02-24T19:04:35+01:00
rp13-session-7965	rp13	#party – BATIDA DJ SET (Ten Cities, Lisbon) @ re:fill-Bar	null	2013-05-06T22:00:00+02:00	2013-05-06T23:00:00+02:00	60	2013-05-06	re:publica	republica	action	beginner	en	Pedro Coquenão	2014-02-24T19:04:35+01:00
rp13-session-7966	rp13	#party – Andrea Goetzke & Eric Eitel (#a2n-Soundsystem) @ re:fill-Bar	null	2013-05-07T20:00:00+02:00	2013-05-07T21:00:00+02:00	60	2013-05-07	re:publica	republica	action	beginner	en	Andrea Goetzke, Eric Eitel	2014-02-24T19:04:35+01:00
rp13-session-8028	rp13	#party - Moritz Simon Geist ( Robotic 808 Music Performance) @ Lounge	null	2013-05-08T20:00:00+02:00	2013-05-08T21:00:00+02:00	60	2013-05-08	re:publica	culture	action	beginner	en	Moritz Simon Geist	2014-02-24T19:04:35+01:00
rp13-session-8029	rp13	#party - DIGITS (Toronto/Berlin)	null	2013-05-08T21:00:00+02:00	2013-05-08T22:00:00+02:00	60	2013-05-08	re:publica	culture	action	beginner	en	Alt Altman	2014-02-24T19:04:35+01:00
rp13-session-8176	rp13	Zwischen Soho-House und betahaus: das hausungarn als Coworking Club für Berlin´s digitale Kreativwirtschaft	null	2013-05-08T13:45:00+02:00	2013-05-08T14:15:00+02:00	30	2013-05-08	Newthinking	business-innovation	talk	beginner	de	newthinking  	2014-02-24T18:44:48+01:00
rp13-session-8363	rp13	Interview with Ai Weiwei	null	2013-05-08T17:30:00+02:00	2013-05-08T18:00:00+02:00	30	2013-05-08	Stage 1	culture	talk	beginner	en		2014-02-24T19:04:35+01:00
rp13-session-841	rp13	Anwendungsorientierte Analyse volkstümlicher Lebensmittel in der politischen Berichterstattung, oder: Politiker, die in Bratwürste beißen	null	2013-05-07T19:15:00+02:00	2013-05-07T19:45:00+02:00	30	2013-05-07	Workshop B	media	talk	beginner	de	Constantin Alexander	2014-02-24T19:04:35+01:00
rp13-session-879	rp13	Die maschinenlesbare Regierung - Eine kritische Analyse zur Gegenwart von Open Data und Open Goverment in Deutschland	null	2013-05-06T11:00:00+02:00	2013-05-06T12:00:00+02:00	60	2013-05-06	Stage 3	politics-society	talk	intermediate	de	fukami , Lorenz Matzat	2014-02-24T19:04:35+01:00
rp13-session-980	rp13	re:Fefe: Erkenntnisse der empirischen Trollforschung	null	2013-05-08T10:00:00+02:00	2013-05-08T10:30:00+02:00	30	2013-05-08	Stage 6	culture	talk	beginner	de	Linus Neumann, Michael Kreil	2014-02-24T19:04:35+01:00